X,Y
0.583478033,-0.083176021
-0.858482187,-0.041229193
-0.88025854,0.153772949
-0.597690014,0.544264976
0.935802131,-0.25484719
1.043.912.729,-0.160699173
0.813361805,-0.168706454
0.119383447,0.13022115
1.139.572.034,-0.383101476
-0.910706868,-0.009872605
1.180.500.851,-0.151101916
-0.846576174,-0.019773524
-0.222775867,103.800.873
-0.824171646,-0.0639067
0.66847547,-0.040102729
0.309244428,-0.460996839
-0.838070528,-0.056072894
-0.859274903,-0.4147587
-0.491129023,0.289606378
-0.941615613,0.328785391
-0.456402579,0.656530358
0.325162396,0.052663874
-0.9332334,-0.170483996
0.909462898,-0.073680062
0.395264667,0.020787151
-0.946820255,-0.066504533
0.93119785,-0.285041261
0.889253056,-0.005124486
1.404.427.612,-0.299671822
1.363.034.572,0.084715635
-0.921117861,-0.103195297
-0.691352778,-0.073619016
-0.769517974,0.269666148
-0.75370913,0.2431516
-1.082.068.983,-0.011289524
2.982.084.433,0.835477768
-0.16594934,1.206.184.174
-0.789154601,0.445084708
1.224.927.425,0.090826472
-0.873830167,-0.110243646
0.461902508,0.170532185
-0.586657059,0.765643956
1.267.461.534,0.056416695
-0.707334553,-0.232340599
-0.837001986,-0.202324741
-0.880772658,-0.169780601
-0.624684162,0.829739803
-0.703127845,0.538231427
129.226.103,1.359.885.759
1.009.564.625,-0.013564907
-0.315496775,1.250.963.406
-0.927459156,-0.012941134
-0.275969057,0.890810054
1.815.962.158,153.498.843
0.707259177,0.090513402
0.517884616,-0.034508984
-1.060.756.377,-0.023695747
-0.608561977,0.669648332
-0.895583972,-0.229560129
1.556.155.598,0.029095517
0.56234325,0.330715947
0.546052945,-0.259180053
0.513630625,-0.264884356
-0.782518608,-0.047490925
-0.746975801,0.565136538
367.775.505,1.345.938.805
-0.809878351,-0.139039022
0.804143745,-0.352005416
0.558750516,-0.105010597
0.553865632,0.000203977
-0.851319372,0.329083693
-0.855324968,-0.04931852
1.431.506.161,1.312.617.727
-0.848067304,0.041770742
0.412399318,0.364681705
-0.741080606,0.156169163
0.918958249,-0.088241787
-0.667028325,0.231655853
-0.641127384,-0.226172109
-0.717897775,0.303861284
0.787196805,-0.065175503
-0.642069192,0.250046862
0.990027216,-0.260327858
1.127.662.574,222.805.496
0.472543017,-0.149677232
-0.821409492,-0.183085641
0.809937528,0.019232104
1.400.204.761,-0.004646264
1.386.844.957,-0.378619452
-0.879020685,0.009904122
1.120.518.069,-0.114078916
1.006.373.733,-0.224003559
-0.924639985,-0.261104437
0.588958699,-0.010971366
-0.782069139,0.006249937
-0.972907716,0.253036104
4.634.061.961,2.073.454.902
0.658392137,0.096825792
-0.752388352,0.107553011
0.892577803,-0.175386692
-0.652537831,0.163314721
-0.794786826,0.01842435
-0.996761428,0.123913476
-0.936537051,-0.080388095
0.56292478,-0.186602998
0.434091866,-0.289570666
-0.888655325,0.37625416
-0.766934796,0.211217869
-0.835357415,0.040490089
0.517787717,0.118788181
-0.846201061,-0.150712049
0.589996545,-0.404627539
0.361090186,-0.149002717
-109.240.786,-0.132731958
-0.465900406,0.495827761
0.664580924,-0.103246659
0.641917107,-0.066195196
0.428534964,-0.284186829
-0.844302105,-0.028873211
-0.732271091,-0.298268
-0.747139137,-0.2351356
-0.878987653,-0.306814791
-0.776139265,0.317372253
-0.717125806,0.131253947
-0.803254899,0.134063125
0.590609027,0.247627197
-0.826706264,0.705457903
0.924649534,-0.02054381
1.487.146.675,0.206088752
0.685476415,-0.071748453
-0.625620358,0.106928125
1.340.509.144,0.294290927
-0.807173017,-0.123767403
0.434925128,-0.023557071
-0.038064944,0.15772809
0.364141836,-0.324722419
1.090.014.554,-0.285041825
-0.853716858,0.324233687
-0.728850933,0.232117423
-0.687509385,-0.10255462
-0.28983696,1.204.490.232
1.341.047.241,-0.118830667
0.784170357,-0.270613959
-0.830048176,-0.032482406
0.486115937,-0.310154021
1.144.228.045,0.034626992
-0.711482075,0.164408985
1.172.358.441,0.168608855
1.045.742.799,2.055.483.456
-0.042375034,1.139.817.267
1.100.736.728,-0.540869576
1.072.817.926,-0.117748893
-0.985919224,-0.02592591
-0.744544615,0.086144423
-0.82158375,0.174348479
-0.33375189,0.177594903
0.956908165,-0.170336242
2.257.636.929,1.548.067.043
1.220.546.449,-0.234531529
1.487.501.152,2.571.024.729
-0.685513456,0.731692501
-0.772385177,0.767429327
0.947358229,-0.270662825
0.609676888,-0.276757047
0.368173259,-0.048838029
0.658385255,-0.241561869
0.806636514,-0.173232438
-0.855177527,0.108154058
0.83471329,-0.427748273
1.310.127.156,-0.112013248
-0.707803746,-0.297492658
-0.672535449,0.352637321
0.284444646,-0.381848571
-0.836588389,-0.144560821
-0.855079382,-0.123785467
0.380495532,-0.34967296
0.629286376,-0.045063936
-0.644842925,-0.323380663
0.699747263,-0.175691447
0.232059344,-0.016809821
0.776914377,-0.219128055
-0.843689856,-0.015828017
0.833339345,-0.006924382
0.670706926,-0.341077874
-0.731034055,0.221499823
-0.798724508,0.003125476
0.468779904,-0.265654477
0.487555723,-0.240822095
0.679884916,-0.070153456
0.04938291,0.966222686
-0.234907194,0.880732122
-0.829899197,0.208362518
-0.056556843,1.272.146.417
0.922517667,-0.492682766
0.918794515,0.318634166
-0.733515363,-0.001413036
1.129.254.118,-0.081633656
-0.112211176,0.363790632
0.870985214,-0.280126803
0.923460036,0.023434568
-0.813439157,-0.019666153
1.369.384.049,-0.409865704
-0.725791877,0.005727755
0.892442401,-0.06376316
-0.190588111,1.327.938.277
0.942407839,0.00824224
-0.920150385,0.022113096
301.579.117,3.790.010.564
-0.697524256,0.885594918
0.514466641,0.176112151
1.869.276.071,2.518.412.626
0.571516929,-0.250966024
1.366.546.502,-0.074917288
1.082.658.801,-0.32867989
-1.006.736.055,-0.310804775
1.817.864.081,0.027219755
1.100.275.526,0.018226868
-0.653553526,-0.247663512
-0.955979911,0.114078639
1.068.543.336,-0.125301641
0.674888417,-0.295518645
-0.754519367,0.06156316
-0.800750724,-0.091568082
1.145.944.605,0.301476757
-0.780094104,0.155179418
0.736627366,-0.173775539
1.775.396.571,2.123.295.664
1.225.160.745,0.425141079
1.166.936.977,0.001064192
1.100.670.318,0.912183551
-0.971266145,0.202555671
-0.604152872,0.00380588
0.831724712,-0.182828906
-0.97079089,0.15144692
0.35316661,-0.230646282
1.032.941.349,-0.395337829
-0.915824599,0.790295022
-0.829568629,0.289691143
0.956421929,-0.017982362
-0.799097796,-0.271617653
2.919.786.514,3.751.366.071
0.331943845,-0.126610772
-0.822208729,-0.253367527
0.218799729,1.211.044.631
-0.506540038,0.484324669
0.26851711,0.970820333
0.684906023,0.720379772
-0.80141426,0.307176607
-0.915807515,0.101547344
-0.928145303,0.299318678
-0.778595806,8.76E-05
0.575834286,-0.044528185
0.573785111,-0.242766976
-0.716267147,0.014572808
1.125.948.343,0.107990445
0.594713428,-0.395290744
0.910355416,-0.094054668
-0.300412335,0.888928618
1.148.839.359,0.078935248
109.375.783,0.02640723
-0.257094314,0.537788384
-0.286477488,0.964907683
-0.687934699,0.131214265
0.770109804,-0.231921305
0.459010851,-0.552173088
-0.965751804,1.030.630.484
1.027.635.884,0.069174176
0.835884861,-0.074676808
1.220.060.345,-0.606735964
0.63502659,-0.023713851
-0.65599847,-0.117317153
1.025.300.653,0.188704461
0.921110361,-0.091295836
0.707954283,-0.531388036
0.752086032,0.737320049
1.580.383.899,-0.554861762
-0.646155847,0.396585139
-0.400065725,0.832996584
0.651909607,0.003909731
-0.796162713,0.024869909
0.47867157,-0.007174479
0.862665906,-0.084691655
-0.679454854,-0.133653442
0.881224687,-0.038477017
-0.779798431,0.012498775
-0.763799361,0.160937949
-0.50334426,0.833069582
-0.889816445,0.045217556
-0.832961943,0.338941884
-0.837468677,0.08365937
0.919470397,-0.018092814
-0.877065681,-0.235913763
-0.92118421,0.115577049
0.75981429,-0.273994938
-0.889209872,-0.006613906
-0.921406327,-0.076116774
-0.899617038,0.419051753
101.968.912,-0.37546284
1.483.345.963,-0.168068663
1.663.919.169,-0.185606108
2.018.420.376,2.897.456.706
-0.859221744,0.127075906
1.489.269.233,1.180.507.439
-0.920897951,0.121897334
0.454808338,-0.089634384
-0.986105734,-0.181469051
0.78685072,-0.055411859
0.864473753,-0.094117626
-0.759940313,0.232276058
0.56571955,-0.405735855
0.726076521,-0.232977908
1.117.838.161,-0.403125995
-1.005.986.699,-0.213596743
0.628752822,-0.270251632
0.594917947,0.147093823
0.458312424,-0.206320397
-0.655259735,-0.097769548
-1.040.022.913,0.085095553
4.663.487.958,2.042.014.963
-0.883887995,-0.171618746
-0.983122043,0.051868768
0.844777853,0.0030904
-0.98501724,0.523200152
0.535872537,-0.320633169
0.661703564,-0.367586738
-0.809877058,-0.085112848
-0.899829879,0.061247389
0.630718089,0.032204586
1.270.532.193,-0.020787841
1.405.966.297,-0.001484952
3.069.342.767,3.704.058.449
1.340.160.222,-0.574202115
-0.86568873,-0.14867344
1.018.536.911,-0.293504174
0.938621213,-0.346155309
1.117.056.502,2.049.964.297
0.99719985,0.427647226
0.61105213,-0.00494574
-0.848971307,0.349040015
0.631701119,-0.130596491
-0.767784019,0.042273892
-0.841346482,-0.267666744
-0.359415115,0.233509994
-0.72237308,-0.008281622
0.923973262,0.162078311
0.240771697,0.233159931
-0.908469131,-0.243223328
0.51339755,-0.199251717
1.146.090.033,1.848.273.381
-0.750993982,-0.13523257
-0.87248531,0.429588856
0.668351471,-0.206656342
-0.851864566,0.018271262
1.401.112.072,-0.13623925
0.70769202,-0.397631414
-0.579467515,-0.150766196
-0.658288168,0.759290207
-0.894471877,-0.004204894
1.135.439.651,-0.481783608
-0.712182146,-0.184639394
-0.930912308,-0.181036299
0.615245144,-0.055333
0.358959221,-0.023459764
-0.849901326,0.634204724
-0.982717309,0.715287971
-0.985338665,0.200376544
0.969062652,-0.109714547
0.680213799,0.139322321
-1.046.764.187,0.080240303
0.638717748,-0.151784716
0.715401433,0.283659456
-0.308487636,0.268284726
1.017.683.982,-0.12501375
-0.789815915,-0.037601313
-0.100845775,1.170.736.501
0.494121878,0.269151152
-0.967585139,0.247572946
-0.899558294,0.399327104
-0.821889628,-0.046098798
0.691054234,173.825.119
1.158.434.936,-0.149899474
0.527475177,-0.201307377
0.655579205,-0.130418252
-1.058.783.042,-0.221053833
1.359.333.722,-0.359642897
-1.008.375.028,-0.123732873
1.462.968.787,-0.117188697
0.685015772,-0.094760198
0.290166061,-0.14851553
-0.346666845,1.040.890.223
-0.341558154,1.055.882.593
-0.872860089,-0.271281776
-0.627878769,0.745677382
0.828404501,0.122521632
0.796231962,-0.190308733
-0.579492947,-0.314354111
0.754343976,-0.136543287
0.408804975,1.480.837.992
0.885998286,-0.397074745
1.055.681.635,0.048543101
1.033.331.672,-0.033035938
-0.923726685,0.085597915
0.569073413,-0.334186126
-0.359913626,1.106.155.608
-0.915655027,0.127606267
-0.80788745,-0.241493386
-0.200590464,0.046798298
-0.941353999,-0.226397961
-0.770100027,0.322962355
1.320.073.298,-0.013898722
1.403.589.249,-0.231168643
-0.449812457,-0.006102985
-0.597529694,0.499666973
-0.813078238,-0.050629156
-0.885334498,-0.218989416
199.525.589,0.433117188
1.129.305.176,0.068708928
119.558.017,-0.086008963
-0.254590593,0.404609075
-0.657292445,0.609350813
1.119.037.171,-0.455852118
-0.672768649,0.373669269
-1.089.448.254,0.324566644
3.856.127.332,3.774.812.505
0.508297066,-0.040433001
1.410.312.314,0.096859875
-0.793308507,-0.096442567
-0.573100656,0.277895432
-0.191824378,-0.043626548
-0.822631418,0.194762336
0.889707835,1.869.926.828
0.862814476,-0.09169603
-0.823195535,0.481861065
-0.848207545,0.616696983
-0.866308032,-0.247518925
0.605635667,0.076391729
-0.539364817,0.702913783
0.72063493,0.08379417
-0.922481944,0.10814596
0.690963354,0.081231522
0.737845806,-0.136352141
0.793232305,-0.252344111
1.605.567.559,0.150329078
-0.937015376,-0.127353325
117.866.974,-0.219575742
0.983522987,0.057042536
-0.864822429,-0.286050294
1.160.156.328,-0.399489457
-0.719578057,0.081870401
290.325.304,1.646.494.885
1.262.926.823,0.145240712
1.308.379.426,0.001502461
0.697607186,-0.200082283
-0.842941854,-0.118455629
-0.875733089,-0.293373306
-1.065.634.876,0.071289066
-0.825363056,0.002099854
1.196.738.862,-0.126939706
0.801465315,-0.151192358
0.591176403,-0.289307916
1.205.557.922,0.091348598
3.870.171.604,1.747.677.219
-0.275243093,0.083740847
-0.755969609,0.311386564
0.84234055,-0.364051151
-0.891627333,0.375203249
-0.272795473,0.932907097
0.775827672,-0.399486429
-0.7204758,-0.128294724
1.343.155.327,0.074450726
0.777318166,-0.447192542
-0.612917269,-0.002202718
0.985304274,-0.138644059
0.68151664,-0.085075097
-0.710660535,-0.352790019
1.673.327.234,1.765.348.004
-0.832896997,0.35741258
-0.934686333,-0.187486124
1.094.043.421,-0.238403849
-0.855795464,0.319729542
-0.755161714,-0.104411603
-0.870071014,-0.193305468
-0.838140495,0.031273968
-0.827978855,0.40729396
-0.808086052,0.103657159
-0.828349632,-0.009964675
125.429.477,-0.016012957
0.817470455,-0.189065928
0.864110261,-0.153810805
0.463864808,0.284792144
0.80916954,0.009180365
0.688137131,-0.113945149
-0.691664629,0.73234093
-0.554656563,-0.169496582
0.293858593,0.18819457
0.683809128,-0.367915925
0.988886626,-0.275349163
0.483461948,-0.031868917
0.561411579,-0.007492812
0.671692048,0.122393013
0.5978127,-0.294602394
1.418.110.471,-0.400355777
0.54821637,-0.009745439
1.397.851.999,-0.139253514
0.89060564,-0.273923377
0.597355896,0.114220746
0.95873495,0.334414575
-0.753333017,-0.162577186
-0.29625341,0.784032783
-0.751797964,0.144633295
1.143.133.863,0.115496732
-0.763599613,0.040368787
-0.927437084,0.303580705
-0.47147697,-0.153788902
-0.97236816,-0.216281909
0.702042692,-0.149924311
-0.633139403,0.232178581
0.16374176,1.423.949.808
0.437039807,1.711.900.784
0.474510161,0.116366587
-0.940351034,-0.284833419
-0.715873812,0.051519901
-0.752442561,-0.042111729
-0.928690965,-0.365506917
-0.813993965,0.013833542
-0.806111563,0.077597098
-0.76723746,-0.181372897
0.712024643,-0.13392128
0.433794802,-0.354702643
-0.729165653,-0.258845832
-0.893456512,0.198953932
0.834249935,0.204272383
0.737029786,-0.510414153
-0.476494397,0.468205139
0.649643496,-0.274136044
-1.011.930.044,0.025851252
-0.773342282,-0.001411187
1.655.700.429,-0.243611426
-0.820615427,0.041380157
-0.028220311,0.934006248
-0.795496013,0.634212722
0.539068581,-0.38377086
-1.101.552.495,0.700188399
-0.227036685,1.093.958.971
-0.855615276,0.246742616
0.467299934,-0.403174485
1.418.863.385,0.636970208
0.600375274,-0.307604795
-0.849843032,0.453470911
-0.868852607,-0.066415562
0.701033397,-0.338554837
-0.894632969,0.231374563
-0.830124326,-0.231260393
-0.852178566,0.175073738
0.821561088,0.000916187
0.546019172,-0.198518069
-0.962749236,-0.268231945
1.013.227.569,-0.176991693
1.515.225.453,-0.383678622
0.898838895,-0.080420798
-0.814275711,0.061732876
0.439429851,-0.344819752
0.190110135,-0.117783358
0.175106975,-0.08930301
1.431.593.503,-0.582207124
-0.865497557,-0.17672189
0.848389004,0.761752746
0.549051165,0.054131979
-0.498740461,0.595868903
0.549029369,0.199544335
1.329.853.545,0.017618231
1.084.254.923,-0.058072207
-0.798154372,0.057375471
-0.973334349,-0.263144094
-0.782022768,-0.03936374
0.788275713,-0.181220775
0.340659368,-0.116238512
1.174.964.723,0.219819834
-0.426273247,0.868919861
2.297.724.099,3.229.769.001
-0.901963083,0.06745042
0.658585952,-0.212317141
-0.777064532,0.060691853
1.742.217.383,1.070.979.647
-0.830083187,-0.032131713
1.128.868.337,-0.087088888
0.885272064,0.150805311
-0.890155995,0.172575955
-0.707598294,-0.121986968
-0.801190754,-0.304114961
0.486910273,-0.020599167
-0.364743021,0.69570812
-0.94419105,0.909610077
-0.840448861,0.195155177
-0.549455841,0.913612181
-0.613276474,0.183867076
-0.784416766,0.037938127
1.208.040.473,-0.059385201
1.245.390.229,237.840.081
0.413946925,-0.200809028
0.622462383,-0.440595931
0.736484167,-0.162360984
-0.837789483,0.287235149
0.478243253,0.042345594
-0.951452021,0.272848968
0.833964989,-0.120052636
0.690829252,-0.368781913
1.380.610.185,0.013514278
-0.858363959,-0.210869067
0.852167372,0.083226152
151.041.077,0.130714669
-0.883947759,0.002859574
-0.971439921,0.436485552
-0.763770172,-0.01920401
0.401189238,-0.174644087
-0.794133002,-0.176686479
0.717820249,-0.142305542
-0.715730976,0.264813659
-0.864495451,0.07110444
-0.917914088,-0.159733515
-0.831873224,-0.048912373
-0.562511091,0.559357628
-0.502820567,0.711287757
1.558.544.981,0.188215808
1.336.202.733,-0.066385525
0.843405975,-0.196889444
-0.884058515,0.233611446
0.795253922,0.001148869
-1.028.276.064,0.225438171
0.932157542,-0.221145286
-0.958997506,-0.208496842
0.808358302,-0.172105769
-0.991816571,0.0843914
0.932334133,0.322458195
-0.973457551,-0.156011966
1.098.129.531,-0.004552616
0.7482018,-0.223537336
0.396869557,-0.556745451
-0.80390621,-0.316254903
0.565783904,0.125187041
-0.717800991,0.093411433
0.85328389,-0.106882955
-0.920588832,-0.092210953
-0.781098827,0.457309442
1.247.006.389,1.989.853.166
-0.914250888,-0.121797297
0.662988091,0.14583888
-0.969249597,-0.123559919
0.907726345,-0.070066932
0.70570791,-0.269062756
-0.725400184,0.185690675
1.230.069.294,-0.032884673
-0.3342954,0.771092171
0.743260643,-0.232176856
-0.737400381,0.302820609
1.107.014.662,-0.124826135
-0.65586305,0.428036917
-0.724979718,0.152899094
0.53617054,-0.079437267
2.386.594.626,0.975729024
-0.806992036,-0.012706327
0.378219706,133.843.344
0.922196584,-0.158367413
0.916658145,0.185402364
0.903460777,0.187506287
-0.74945429,-0.111594812
0.858978261,1.859.324.374
0.923678495,1.694.152.657
0.683130209,0.09754216
-0.801099206,0.13881929
0.830627658,0.146532288
-0.787841388,-0.077814034
0.501284979,-0.072052359
-0.722049691,0.337153446
-0.667398847,0.042377231
0.756056694,-0.088423535
-0.790189198,-0.085531855
0.370365887,-0.216392754
-0.170448033,1.168.597.268
-0.970093976,-0.022019872
-0.922786962,-0.181701296
-0.623519186,0.77829286
0.627617371,0.271116251
0.758004572,-0.35812388
-0.817349532,-0.101837104
-0.802523258,0.064405743
-0.769229648,-0.150329737
0.629081425,0.009419577
-0.854066031,-0.107007287
1.152.035.003,-8.76E-05
-0.821475297,0.058702267
-0.910907334,0.22211851
0.596588418,-0.244714425
0.868183478,-0.010530189
-1.026.631.486,-0.139785195
1.179.653.936,-0.351824003
0.943392188,1.895.890.033
-0.564716589,0.915087472
0.768009941,-0.389072564
1.118.152.275,0.041299579
-0.938648963,0.102907204
-0.88921868,0.005717558
-0.824998305,-0.061907118
1.117.328.093,-0.231080642
-0.721329075,0.174810889
1.286.653.456,-0.293967867
-0.78267623,0.383191686
-0.891897616,0.238652696
-0.959389048,0.00460348
1.254.007.724,-0.033526718
0.684483068,0.119021727
-0.845672961,-0.046741034
2.476.576.102,1.356.260.786
0.038602036,134.505.275
0.744385044,-0.075748921
-0.896463681,-0.072542667
-0.845125759,-0.177365936
0.753413897,-0.498661132
0.76554672,-0.224788502
-0.685879154,0.040668224
-0.508125587,0.957406502
-0.950097147,-0.16718325
-0.993776451,-0.152061334
-0.874103156,0.147017868
0.616919152,-0.124342672
2.511.855.725,1.731.328.035
-0.775690442,0.197825047
-0.728116386,-0.20136778
0.918245107,-0.078098835
0.710307827,-0.097265614
0.628884689,-0.260780599
-0.995072353,-0.001816167
1.273.148.046,-0.140403956
0.698455416,-0.19410178
0.511423606,-0.303394795
-0.836153783,-0.324807822
0.840925401,-0.056487586
-0.315875128,0.939185275
-0.934952759,0.32627617
-0.676904987,0.403367325
0.715304564,-0.225362246
-0.902655145,0.30652291
0.980809548,0.305777564
-0.923486539,-0.111591904
-0.824613734,-0.103673787
-0.95148974,-0.153208021
-0.035179477,1.354.456.355
-1.056.223.676,0.030607413
-0.351937536,0.893305669
-0.715331407,0.192210283
192.483.038,0.420890238
1.639.873.182,2.572.491.133
-0.916832457,0.11021117
0.445919331,-0.003959744
0.472353718,0.048907095
0.54248479,0.320714936
0.55564742,-0.178588403
-0.848550228,-0.173041305
-0.56801595,0.337856799
-0.818435661,-0.195624488
-0.659431594,0.302977072
-0.352748311,0.598562533
0.580327068,-0.384798809
0.759486405,0.043826981
-0.160204287,114.596.611
-0.861698575,-0.160851915
-0.934154944,-0.126040347
-0.934282231,0.206456774
-0.663686505,0.346511903
-0.769084252,0.062542046
1.221.211.793,-0.265336915
-0.797299326,-0.069323025
-0.62992922,0.696771127
1.227.320.554,-0.173726862
-0.76399793,0.325559488
-0.164525905,-0.33315492
0.761858562,0.122441658
-0.900085929,0.240540726
0.651946856,0.034272333
-0.817296694,0.453350826
-0.615516043,0.057117211
-110.682.105,0.198810103
0.105812606,0.378856641
0.437182773,-0.191765736
1.016.333.492,-0.130069114
-0.702886944,0.119675987
0.66376637,-0.35888558
-0.826945084,0.300042806
-0.672722166,-0.386466015
-0.735090495,0.409927086
-0.980613508,0.10978209
0.615559232,-0.264451784
-0.914301668,0.017030136
-0.717215668,0.661639511
1.030.679.524,-0.29875024
-0.829482701,0.427648149
1.025.952.025,-0.059138298
0.431643859,0.00566098
-0.572134326,0.769309178
0.744805293,-0.373422719
-0.793395537,0.077169008
-1.019.507.524,0.084684028
-0.825281877,-0.081493641
3.695.196.698,378.182.148
0.933365371,-0.097931247
0.189726027,0.567462458
-1.010.845.821,-0.010357276
-0.788584329,0.185107705
2.412.991.763,1.569.375.403
-0.792617504,0.247184705
0.795694006,0.101365596
0.652711258,-0.493606321
-0.803449273,-0.139841856
-0.758080736,0.151399929
-108.264.913,0.17194339
-0.761301136,0.20436678
-1.004.556.633,-0.267355633
-0.544871237,0.679802945
-0.727574887,0.052683025
-0.854215953,-0.03223158
1.239.670.607,-0.44756413
-0.935193056,-0.374001857
-0.945889501,-0.10143131
-0.489156308,0.472270025
-0.530772978,0.893074228
1.258.502.884,-0.255745791
0.557633289,-0.083282643
0.548162656,-0.282658972
-0.408098473,0.744944812
-0.880908187,-0.04805295
-0.738830483,0.367338998
0.696874923,0.068488208
-0.933449943,-0.048961074
-1.034.445.769,-0.282493956
-0.893576168,-0.06069979
0.812538655,-0.35687924
-0.866603405,0.414003864
-0.678337684,0.048357269
-0.621062396,0.026218196
0.663026686,-0.126172835
0.77330326,-0.31888773
2.467.427.652,1.531.244.009
1.309.151.871,0.011653253
0.886572459,-0.292587377
-0.89234897,0.033810924
-0.97312996,0.529626247
-0.683909765,0.152202677
0.921258378,-0.319311984
1.616.555.552,-0.162409812
0.653379688,-0.070090499
-0.830859241,-0.166510384
0.407663265,-0.560182816
0.326305763,-0.306879329
0.558486974,-0.14042661
-0.990086199,-0.164067576
-0.822552343,0.100121297
-0.81893518,0.021807862
0.708082621,-0.046463514
0.750997691,0.012102479
0.643141868,0.0746426
-0.527224839,0.730189654
-0.948663924,-0.189285969
0.882121407,-0.2136555
-0.922129043,0.079236753
1.280.379.302,0.193950997
11.798.763,208.600.573
-0.025166486,0.202994582
-0.916542353,-0.07964601
-0.632031961,-0.0690651
-0.804318966,0.212354086
-1.066.292.513,0.01899616
0.576038447,-0.185343735
-0.945160316,-0.068476441
0.276462547,-0.096336119
-0.837183153,0.082396316
-0.34808906,0.915499017
-0.509823138,-0.387237742
125.220.084,-0.206456526
-0.573651431,0.260767701
0.717031183,-0.450051071
1.113.746.297,-0.434113675
0.553709576,-0.177891775
126.179.021,-0.194696143
-0.880044736,0.794677776
3.520.413.886,3.789.466.994
0.244436469,-0.157571866
1.039.844.865,-0.107070608
-0.989464795,0.10070205
0.808968146,-0.30109656
-0.902671014,0.08219211
0.685924229,-0.166028076
5.592.408.605,3.553.453.344
1.006.957.613,-0.174348407
0.649191756,1.473.444.866
-1.054.741.639,-0.111240554
1.171.394.453,2.461.737.367
-0.728829805,0.053702244
0.406804825,-0.363216099
-0.924174409,0.024002488
0.525458479,-0.212358207
-0.772838087,0.097391734
-0.907194417,0.107841329
0.998653358,-0.273381502
-0.710141327,0.470118102
1.747.830.922,-0.550577877
-0.904316332,-0.186017676
1.346.925.987,0.09599072
1.084.043.387,2.040.563.907
0.982439681,-0.14845307
-0.794885315,0.046530966
-0.820362877,1.096.035.527
-0.855503161,-0.166563696
-1.037.102.144,0.048990557
-0.823177557,-0.06178797
0.509721579,-0.099585807
0.408822816,-0.226228104
1.070.757.074,0.089346411
0.608930711,0.168565556
-0.764711213,-0.307723165
0.603434799,-0.208057552
-0.826768058,0.17870998
0.638636925,-0.281125751
-0.718568616,0.728059682
0.950747623,-0.058452563
-0.782683804,0.129924949
-0.723689076,0.008243825
-0.907996931,0.305645151
0.459729957,-0.215034826
1.322.171.539,0.066368419
1.903.634.328,3.364.551.433
-0.935100118,-0.03609036
-0.78629584,0.023779059
-0.76168209,-0.090984132
1.208.924.822,-0.320424506
0.962755554,-0.058106307
1.277.767.822,-0.371098131
0.951527741,-0.053923001
0.807980338,-0.346581687
0.348950431,0.212154537
-0.173307371,0.45568004
-0.805393772,-0.363513328
-0.773218469,-0.015334541
-0.717776106,0.180818208
-0.661001643,0.077268897
-0.645710823,-0.276064509
0.311939457,1.527.523.913
0.22009721,0.182347504
-0.74370596,-0.134747184
-0.948237005,-0.068381793
-0.0227254,1.254.983.322
-0.976133815,0.176570539
-0.875201935,0.154113488
-0.104787771,1.154.767.048
0.963444266,-0.482026766
0.591865641,-0.444894362
0.518879383,-0.012870032
-0.954400873,-0.15363928
-1.073.827.191,-0.02987858
0.451079245,0.146841678
-0.906407475,0.411637802
-0.663222952,0.039595425
3.367.503.746,3.300.690.577
0.865349746,-0.373486732
-0.932852323,-0.239849639
-0.932181867,0.102741596
1.522.385.124,-0.083739765
111.211.107,0.006039023
1.236.951.201,-0.399928638
-0.945018575,-0.329481331
-0.954188689,0.142275199
0.993338737,2.347.870.357
301.598.312,1.533.714.656
-0.894198156,0.276912837
0.883215523,-0.175137847
1.102.983.524,-0.35182028
-0.842957633,-0.218157777
1.130.690.969,-0.024460241
-0.680315532,0.021364926
0.185157072,0.207837202
0.673806744,0.123786885
1.069.608.643,-0.252280543
-0.509292647,0.733864399
-0.875524186,-0.247407801
-0.738045902,-0.095346757
1.953.601.386,0.066748133
0.27702303,-0.162021472
-0.64895963,-0.071428826
1.822.817.735,-0.519783951
0.988893645,-0.050669943
-0.668179769,0.184382415
-0.875758016,-0.158297888
1.206.844.431,-0.566579196
0.988964998,0.268943745
-0.968927662,-0.090062444
0.097531375,0.042229589
1.145.846.636,0.068761109
-0.909614712,-0.05041775
-0.922177212,-0.17260574
-0.473560908,0.56244125
1.382.023.429,-0.099418543
-0.55120058,0.494965135
0.296461094,0.195404794
1.138.408.746,-0.106805897
0.828754877,-0.270062702
-0.788764125,0.091419036
-1.050.272.146,-0.167724282
0.64014327,0.009964426
-0.973115823,-0.02070785
0.512937844,-0.381341732
-0.646496164,0.172287658
1.079.820.342,-0.037768505
-0.632432732,-0.082400745
2.407.764.112,3.341.063.259
-0.817313024,0.076323899
-0.805210722,0.157188363
-0.941335917,0.158499163
1.122.891.466,0.431767917
-0.575035456,0.278259869
-1.056.719.014,0.064876181
-0.3565788,1.080.594.606
0.56748887,-0.461431127
0.888610129,-0.135898614
-0.518226129,0.524296931
-0.833656051,-0.193057695
1.085.967.396,-0.17494713
-0.575690676,0.56050839
-0.944754228,0.061803898
-0.854066143,-0.26849603
-0.858689787,0.01793746
1.371.510.056,-0.015722436
0.696583647,-0.004159483
1.269.830.327,-0.48421118
0.715426171,-0.267993955
-0.767822013,0.204149312
1.048.201.841,-0.388381585
0.884599693,-0.160234848
-0.72875587,0.183003426
0.859281844,0.014698846
-0.803836238,0.203686192
-0.856021118,0.072015799
0.695494284,0.266339542
-0.559508725,0.496102746
1.167.904.463,-0.238160567
0.661758293,0.009835577
-0.807008902,-0.070017489
0.498208377,-0.241319161
0.752446666,-0.049418492
0.927688674,0.255013122
-0.933636528,-0.057172281
-100.409.248,-0.011427087
-0.267127897,1.254.091.042
1.097.440.977,-0.019656891
0.95700215,-0.015809516
0.400272205,0.008875865
0.637111698,-0.20341132
0.717846445,-0.477253747
0.770872278,-0.0112484
-0.990776179,0.521031975
-0.729129654,-0.111302209
0.0227254,1.394.764.689
-0.840234658,0.016782854
0.894135701,-0.403984308
-0.824552293,-0.109012994
-0.803199448,0.762892494
-0.739068692,-0.057173316
-0.762117586,-0.113347351
-0.806994328,0.151952621
-105.772.797,0.331846718
1.047.468.001,-0.044252125
1.183.458.169,-0.206627013
1.648.944.038,2.486.276.655
-0.788606438,-0.096414701
-0.86236933,0.20146615
1.203.680.611,0.264922772
1.442.085.606,0.169322586
-0.502065673,-0.231067685
0.467075961,-0.431533019
123.937.979,-0.026336993
1.013.279.755,-0.177927831
-0.872815192,0.251039879
-0.904021306,0.078064336
3.340.733.595,3.795.054.574
-0.984242825,0.252875178
0.638973798,0.089921331
-0.517514153,0.486625496
0.966141955,-0.250088369
-0.647655059,0.015669821
0.830470935,-0.42861757
0.695323334,-0.301761782
0.89814343,-0.220861645
-0.704318542,-0.154169734
-0.915804276,0.19305886
-0.705048071,0.3992473
0.84282815,0.190772716
0.63140975,0.027450316
1.116.787.698,-0.028397739
0.632055958,-0.001663137
1.041.522.505,-0.178747011
0.56575242,0.174754844
0.999377855,-0.464762428
0.581161171,1.719.420.514
0.509064609,0.224908252
-0.700069121,0.411808503
0.404004609,-0.124217897
0.862702025,-0.131545248
-0.32968416,0.816372314
-0.890212748,0.165870613
-0.585070258,0.942506313
1.198.650.534,-0.376936357
0.515589062,-0.16571982
0.157678876,-0.158883264
1.133.964.829,-0.352651889
-0.704585943,0.014118114
0.4763548,-0.012132586
-0.528111107,0.508423665
-0.935331901,-0.233376004
1.617.526.462,0.174786491
-0.804307468,0.290211154
0.416042509,-0.006886603
-0.62518298,0.778308594
-0.787579409,0.45720226
-0.770121188,0.072685106
213.905.074,-0.299388529
-0.725114023,0.037252492
0.429957615,0.111688643
0.438713454,0.062819892
-0.599173769,0.717956555
-0.89612299,0.063044487
-0.741160655,0.434166852
-0.907654792,0.053231248
0.597336791,0.030237637
-0.579286623,0.786699859
0.748266226,0.055242203
0.864336704,1.908.676.908
1.585.683.976,0.00223057
-0.734345323,0.023238505
-0.868193414,-0.083418282
-0.767135286,0.335025262
-0.895575755,-0.015230498
-0.951450309,-0.19656471
0.859138274,0.072654437
-0.812574077,-0.010804966
-0.446716434,0.149555411
-0.595522463,-0.059012259
0.749700469,0.077567143
-0.488868441,0.476512886
-0.865468655,0.126052965
-0.795338817,-0.012615755
0.91810063,-0.387428558
-0.923645216,-0.310046385
0.811999378,-0.040521041
-0.863753181,0.27381785
5.011.207.101,366.662.758
1.057.062.181,0.206859047
0.88450504,-0.202131312
-0.02609439,1.298.945.569
-0.682735906,-0.269183588
0.800058092,-0.139127835
0.830131279,0.022530352
0.860489059,-0.108016291
-0.87643969,0.255764628
0.927194364,-0.00709455
0.725068025,0.191443397
-0.789479821,-0.191399958
-0.941075986,-0.047857137
-0.794128716,0.100841286
1.081.583.806,-0.417065354
1.459.241.731,-0.593166721
1.277.935.742,-0.188840545
-0.832202884,0.011979989
-0.777754329,-0.072240405
1.289.087.334,0.121276106
-0.080735561,1.294.864.821
-0.935717636,0.386777636
0.386458945,1.585.287.419
-0.85610332,0.039956815
-0.920267507,-0.109164587
0.541897894,-0.091194386
-0.497800944,0.685556642
1.197.721.069,-0.01776539
2.753.665.082,1.849.683.184
-0.813179592,0.391629351
0.74099227,-0.3311413
-0.794426239,0.052918283
-0.456177451,0.656939588
-0.887013116,-0.146130816
1.195.614.898,-0.006727409
-0.802051124,-0.011731481
1.056.856.164,-0.10906104
-0.861469369,0.037329203
-0.789763794,-0.306787165
-0.490500854,0.275366395
1.275.355.933,-0.187902577
-0.795251799,0.321894586
-0.863837483,-0.085140574
-0.798912038,0.046593547
0.802187739,-0.260170478
-0.716609118,0.007578996
0.718123055,-0.377017485
1.271.848.736,-0.363762135
-0.890050445,0.102132588
2.089.027.735,-0.365421563
0.041765097,1.266.573.599
-0.741994252,-0.183063451
-0.54846264,0.831014006
-0.896565907,-0.160855017
-0.82021718,0.384634426
1.393.279.974,-0.289894569
-0.786613543,0.256113739
1.262.309.498,-0.368912242
-0.855007444,0.12686985
-0.738652703,0.232331894
-0.482430317,0.569158806
1.363.898.321,0.541813302
-0.689131132,0.452669211
0.263544699,0.137540716
-0.860748693,-0.168083544
-0.825229565,0.22797868
-0.867915601,0.144504443
2.331.919.947,2.052.694.006
370.628.408,1.654.040.256
0.968407828,0.319415385
0.592914764,-0.044055858
0.777986084,-0.376893212
1.371.764.546,0.183848559
1.599.456.816,0.207148865
0.657313079,-0.393793783
0.512040803,-0.27445475
-0.723121485,-0.194840372
-0.855743477,0.125468944
-0.763087867,0.025966497
-0.509906173,0.394361876
1.944.640.303,0.849458127
-0.975688806,0.393363064
-0.871562358,0.135622611
1.061.103.905,0.062371567
-0.572392731,0.121799804
2.017.420.005,1.993.022.803
0.804982291,-0.059892188
0.633551303,-0.276528724
0.584131267,-0.124072185
0.878788436,0.052468616
0.747207128,-0.215209748
0.772603766,0.1857487
-0.243330966,0.828767311
100.937.847,-0.336213639
-0.677770178,0.651658457
-0.864065525,-0.121860526
-0.852653981,-0.111054323
0.874668462,-0.247126112
2.013.032.609,3.091.441.643
1.319.093.926,0.175633874
0.529500873,0.161715592
1.041.286.892,-0.109541269
-0.392186527,0.645018589
-0.719637082,0.06386195
-0.34184962,0.900033299
-0.938221659,-0.031702384
0.423204503,-0.400574613
-0.645317106,0.650385412
0.989452981,-0.38104167
0.771948674,-0.095059748
-0.689907604,0.963270615
-0.82326569,0.410842985
-0.840162087,0.648203669
-0.762856634,0.102863585
1.247.392.208,2.239.497.508
0.958932456,-0.023291284
-0.857474811,-0.126781331
-0.875646895,-0.110407724
-0.92600246,-0.343637612
0.70346052,2.016.937.652
-0.869498657,-0.382520597
-0.818014832,-0.037125239
-0.809856113,-0.412213719
1.199.015.497,-0.262912999
-0.867304367,0.078544554
0.779823489,-0.320902821
-0.886962979,-0.268146374
1.092.374.441,-0.080492811
0.793566695,-0.3730592
0.877546724,-0.583072845
0.853084474,-0.129660052
0.847254892,-0.266617532
0.729678239,0.145050545
-0.670071476,-0.009240273
